Nome,Numero,Tipo 1,Tipo 2,Altura m,Peso Kg,Catch Rate,Male,Female,Hp,Atk,Def,SpA,SpD,Spe,Total,Media,Lendario
Bulbasaur,1,Grass,Poison,0.7,6.9,45,87.5,12.5,45,49,49,65,65,45,318,53,Nao
Ivysaur,2,Grass,Poison,1,13,45,87.5,12.5,60,62,63,80,80,60,405,67.5,Nao
Venusaur,3,Grass,Poison,2,100,45,87.5,12.5,80,82,83,100,100,80,525,87.5,Nao
Charmander,4,Fire,,0.6,8.5,45,87.5,12.5,39,52,43,60,50,65,309,51.5,Nao
Charmeleon,5,Fire,,1.1,19,45,87.5,12.5,58,64,58,80,65,80,405,67.5,Nao
Charizard,6,Fire,Flying,1.7,90.5,45,87.5,12.5,78,84,78,109,85,100,534,89,Nao
Squirtle,7,Water,,0.5,9,45,87.5,12.5,44,48,65,50,64,43,314,52.33333333,Nao
Wartortle,8,Water,,1,22.5,45,87.5,12.5,59,63,80,65,80,58,405,67.5,Nao
Blastoise,9,Water,,1.6,85.5,45,87.5,12.5,79,83,100,85,105,78,530,88.33333333,Nao
Caterpie,10,Bug,,0.3,2.9,255,50,50,45,30,35,20,20,45,195,32.5,Nao
Metapod,11,Bug,,1.7,9.9,120,50,50,50,20,55,25,25,30,205,34.16666667,Nao
Butterfree,12,Bug,Flying,1.1,32,45,50,50,60,45,50,90,80,70,395,65.83333333,Nao
Weedle,13,Bug,Poison,0.3,3.2,255,50,50,40,35,30,20,20,50,195,32.5,Nao
Kakuna,14,Bug,Poison,0.6,10,120,50,50,45,25,50,25,25,35,205,34.16666667,Nao
Beedrill,15,Bug,Poison,1,29.5,45,50,50,65,90,40,45,80,75,395,65.83333333,Nao
Pidgey,16,Normal,Flying,0.3,1.8,255,50,50,40,45,40,35,35,56,251,41.83333333,Nao
Pidgeotto,17,Normal,Flying,1.1,30,120,50,50,63,60,55,50,50,71,349,58.16666667,Nao
Pidgeot,18,Normal,Flying,1.5,39.5,45,50,50,83,80,75,70,70,101,479,79.83333333,Nao
Rattata,19,Normal,,0.3,3.5,255,50,50,30,56,35,25,35,72,253,42.16666667,Nao
Raticate,20,Normal,,0.7,18.5,127,50,50,55,81,60,50,70,97,413,68.83333333,Nao
Spearow,21,Normal,Flying,0.3,2,255,50,50,40,60,30,31,31,70,262,43.66666667,Nao
Fearow,22,Normal,Flying,1.2,38,90,50,50,65,90,65,61,61,100,442,73.66666667,Nao
Ekans,23,Poison,,2,6.9,255,50,50,35,60,44,40,54,55,288,48,Nao
Arbok,24,Poison,,3.5,65,90,50,50,60,95,69,65,79,80,448,74.66666667,Nao
Pikachu,25,Electric,,0.4,6,190,50,50,35,55,40,50,50,90,320,53.33333333,Nao
Raichu,26,Electric,,0.8,30,75,50,50,60,90,55,90,80,110,485,80.83333333,Nao
Sandshrew,27,Ground,,0.6,12,255,50,50,50,75,85,20,30,40,300,50,Nao
Sandslash,28,Ground,,1,55,90,50,50,75,100,110,45,55,65,450,75,Nao
NidoranF,29,Poison,,0.4,7,235,0,100,55,47,52,40,40,41,275,45.83333333,Nao
Nidorina,30,Poison,,0.8,20,120,0,100,70,62,67,55,55,56,365,60.83333333,Nao
Nidoqueen,31,Poison,Ground,1.3,60,45,0,100,90,92,87,75,85,76,505,84.16666667,Nao
NidoranM,32,Poison,,0.5,9,235,100,0,46,57,40,40,40,50,273,45.5,Nao
Nidorino,33,Poison,,0.9,19.5,120,100,0,61,72,57,55,55,65,365,60.83333333,Nao
Nidoking,34,Poison,Ground,1.4,62,45,100,0,81,102,77,85,75,85,505,84.16666667,Nao
Clefairy,35,Fairy,,0.6,7.5,150,25,75,70,45,48,60,65,35,323,53.83333333,Nao
Clefable,36,Fairy,,1.3,40,25,25,75,95,70,73,95,90,60,483,80.5,Nao
Vulpix,37,Fire,,0.6,9.9,190,25,75,38,41,40,50,65,65,299,49.83333333,Nao
Ninetales,38,Fire,,1.1,19.9,75,25,75,73,76,75,81,100,100,505,84.16666667,Nao
Jigglypuff,39,Normal,Fairy,0.5,5.5,170,25,75,115,45,20,45,25,20,270,45,Nao
Wigglytuff,40,Normal,Fairy,1,12,50,25,75,140,70,45,85,50,45,435,72.5,Nao
Zubat,41,Poison,Flying,0.8,7.5,255,50,50,40,45,35,30,40,55,245,40.83333333,Nao
Golbat,42,Poison,Flying,1.6,55,90,50,50,75,80,70,65,75,90,455,75.83333333,Nao
Oddish,43,Grass,Poison,0.5,5.4,255,50,50,45,50,55,75,65,30,320,53.33333333,Nao
Gloom,44,Grass,Poison,0.8,8.6,120,50,50,60,65,70,85,75,40,395,65.83333333,Nao
Vileplume,45,Grass,Poison,1.2,18.6,45,50,50,75,80,85,110,90,50,490,81.66666667,Nao
Paras,46,Bug,Grass,0.3,5.4,190,50,50,35,70,55,45,55,25,285,47.5,Nao
Parasect,47,Bug,Grass,1,29.5,75,50,50,60,95,80,60,80,30,405,67.5,Nao
Venonat,48,Bug,Poison,1,30,190,50,50,60,55,50,40,55,45,305,50.83333333,Nao
Venomoth,49,Bug,Poison,1.5,12.5,75,50,50,70,65,60,90,75,90,450,75,Nao
Diglett,50,Ground,,0.2,0.8,255,50,50,10,55,25,35,45,95,265,44.16666667,Nao
Dugtrio,51,Ground,,0.7,33.3,50,50,50,35,100,50,50,70,120,425,70.83333333,Nao
Meowth,52,Normal,,0.4,4.2,255,50,50,40,45,35,40,40,90,290,48.33333333,Nao
Persian,53,Normal,,1,32,90,50,50,65,70,60,65,65,115,440,73.33333333,Nao
Psyduck,54,Water,,0.8,19.6,190,50,50,50,52,48,65,50,55,320,53.33333333,Nao
Golduck,55,Water,,1.7,76.6,75,50,50,80,82,78,95,80,85,500,83.33333333,Nao
Mankey,56,Fighting,,0.5,28,190,50,50,40,80,35,35,45,70,305,50.83333333,Nao
Primeape,57,Fighting,,1,32,75,50,50,65,105,60,60,70,95,455,75.83333333,Nao
Growlithe,58,Fire,,0.7,19,190,75,25,55,70,45,70,50,60,350,58.33333333,Nao
Arcanine,59,Fire,,1.9,155,75,75,25,90,110,80,100,80,95,555,92.5,Nao
Poliwag,60,Water,,0.6,12.4,255,50,50,40,50,40,40,40,90,300,50,Nao
Poliwhirl,61,Water,,1,20,120,50,50,65,65,65,50,50,90,385,64.16666667,Nao
Poliwrath,62,Water,Fighting,1.3,54,45,50,50,90,95,95,70,90,70,510,85,Nao
Abra,63,Psychic,,0.9,19.5,200,75,25,25,20,15,105,55,90,310,51.66666667,Nao
Kadabra,64,Psychic,,1.3,56.5,100,75,25,40,35,30,120,70,105,400,66.66666667,Nao
Alakazam,65,Psychic,,1.5,48,50,75,25,55,50,45,135,95,120,500,83.33333333,Nao
Machop,66,Fighting,,0.8,19.5,180,75,25,70,80,50,35,35,35,305,50.83333333,Nao
Machoke,67,Fighting,,1.5,70.5,90,75,25,80,100,70,50,60,45,405,67.5,Nao
Machamp,68,Fighting,,1.6,130,45,75,25,90,130,80,65,85,55,505,84.16666667,Nao
Bellsprout,69,Grass,Poison,0.7,4,255,50,50,50,75,35,70,30,40,300,50,Nao
Weepinbell,70,Grass,Poison,1,6.4,120,50,50,65,90,50,85,45,55,390,65,Nao
Victreebel,71,Grass,Poison,1.7,15.5,45,50,50,80,105,65,100,70,70,490,81.66666667,Nao
Tentacool,72,Water,Poison,0.9,45.5,190,50,50,40,40,35,50,100,70,335,55.83333333,Nao
Tentacruel,73,Water,Poison,1.6,55,60,50,50,80,70,65,80,120,100,515,85.83333333,Nao
Geodude,74,Rock,Ground,0.4,20,255,50,50,40,80,100,30,30,20,300,50,Nao
Graveler,75,Rock,Ground,1,105,120,50,50,55,95,115,45,45,35,390,65,Nao
Golem,76,Rock,Ground,1.4,300,45,50,50,80,120,130,55,65,45,495,82.5,Nao
Ponyta,77,Fire,,1,30,190,50,50,50,85,55,65,65,90,410,68.33333333,Nao
Rapidash,78,Fire,,1.7,95,60,50,50,65,100,70,80,80,105,500,83.33333333,Nao
Slowpoke,79,Water,Psychic,1.2,36,190,50,50,90,65,65,40,40,15,315,52.5,Nao
Slowbro,80,Water,Psychic,1.6,78.5,75,50,50,95,75,110,100,80,30,490,81.66666667,Nao
Magnemite,81,Electric,Steel,0.3,6,190,,,25,35,70,95,55,45,325,54.16666667,Nao
Magneton,82,Electric,Steel,1,60,60,,,50,60,95,120,70,70,465,77.5,Nao
Farfetch'd,83,Normal,Flying,0.8,15,45,50,50,52,90,55,58,62,60,377,62.83333333,Nao
Doduo,84,Normal,Flying,1.4,39.2,190,50,50,35,85,45,35,35,75,310,51.66666667,Nao
Dodrio,85,Normal,Flying,1.8,85.2,45,50,50,60,110,70,60,60,110,470,78.33333333,Nao
Seel,86,Water,,1.1,90,190,50,50,65,45,55,45,70,45,325,54.16666667,Nao
Dewgong,87,Water,Ice,1.7,120,75,50,50,90,70,80,70,95,70,475,79.16666667,Nao
Grimer,88,Poison,,0.9,30,190,50,50,80,80,50,40,50,25,325,54.16666667,Nao
Muk,89,Poison,,1.2,30,75,50,50,105,105,75,65,100,50,500,83.33333333,Nao
Shellder,90,Water,,0.3,4,190,50,50,30,65,100,45,25,40,305,50.83333333,Nao
Cloyster,91,Water,Ice,1.5,132.5,60,50,50,50,95,180,85,45,70,525,87.5,Nao
Gastly,92,Ghost,Poison,1.3,0.1,190,50,50,30,35,30,100,35,80,310,51.66666667,Nao
Haunter,93,Ghost,Poison,1.6,0.1,90,50,50,45,50,45,115,55,95,405,67.5,Nao
Gengar,94,Ghost,Poison,1.5,40.5,45,50,50,60,65,60,130,75,110,500,83.33333333,Nao
Onix,95,Rock,Ground,8.8,210,45,50,50,35,45,160,30,45,70,385,64.16666667,Nao
Drowzee,96,Psychic,,1,32.4,190,50,50,60,48,45,43,90,42,328,54.66666667,Nao
Hypno,97,Psychic,,1.6,75.6,75,50,50,85,73,70,73,115,67,483,80.5,Nao
Krabby,98,Water,,0.4,6.5,225,50,50,30,105,90,25,25,50,325,54.16666667,Nao
Kingler,99,Water,,1.3,60,60,50,50,55,130,115,50,50,75,475,79.16666667,Nao
Voltorb,100,Electric,,0.5,10.4,190,,,40,30,50,55,55,100,330,55,Nao
Electrode,101,Electric,,1.2,66.6,60,,,60,50,70,80,80,150,490,81.66666667,Nao
Exeggcute,102,Grass,Psychic,0.4,2.5,90,50,50,60,40,80,60,45,40,325,54.16666667,Nao
Exeggutor,103,Grass,Psychic,2,120,45,50,50,95,95,85,125,75,55,530,88.33333333,Nao
Cubone,104,Ground,,0.4,6.5,190,50,50,50,50,95,40,50,35,320,53.33333333,Nao
Marowak,105,Ground,,1,45,75,50,50,60,80,110,50,80,45,425,70.83333333,Nao
Hitmonlee,106,Fighting,,1.5,49.8,45,100,0,50,120,53,35,110,87,455,75.83333333,Nao
Hitmonchan,107,Fighting,,1.4,50.2,45,100,0,50,105,79,35,110,76,455,75.83333333,Nao
Lickitung,108,Normal,,1.2,65.5,45,50,50,90,55,75,60,75,30,385,64.16666667,Nao
Koffing,109,Poison,,0.6,1,190,50,50,40,65,95,60,45,35,340,56.66666667,Nao
Weezing,110,Poison,,1.2,9.5,60,50,50,65,90,120,85,70,60,490,81.66666667,Nao
Rhyhorn,111,Ground,Rock,1,115,120,50,50,80,85,95,30,30,25,345,57.5,Nao
Rhydon,112,Ground,Rock,1.9,120,60,50,50,105,130,120,45,45,40,485,80.83333333,Nao
Chansey,113,Normal,,1.1,34.6,30,0,100,250,5,5,35,105,50,450,75,Nao
Tangela,114,Grass,,1,35,45,50,50,65,55,115,100,40,60,435,72.5,Nao
Kangaskhan,115,Normal,,2.2,80,45,0,100,105,95,80,40,80,90,490,81.66666667,Nao
Horsea,116,Water,,0.4,8,225,50,50,30,40,70,70,25,60,295,49.16666667,Nao
Seadra,117,Water,,1.2,25,75,50,50,55,65,95,95,45,85,440,73.33333333,Nao
Goldeen,118,Water,,0.6,15,225,50,50,45,67,60,35,50,63,320,53.33333333,Nao
Seaking,119,Water,,1.3,39,60,50,50,80,92,65,65,80,68,450,75,Nao
Staryu,120,Water,,0.8,34.5,225,,,30,45,55,70,55,85,340,56.66666667,Nao
Starmie,121,Water,Psychic,1.1,80,60,,,60,75,85,100,85,115,520,86.66666667,Nao
Mr. Mime,122,Psychic,Fairy,1.3,54.5,45,50,50,40,45,65,100,120,90,460,76.66666667,Nao
Scyther,123,Bug,Flying,1.5,56,45,50,50,70,110,80,55,80,105,500,83.33333333,Nao
Jynx,124,Ice,Psychic,1.4,40.6,45,0,100,65,50,35,115,95,95,455,75.83333333,Nao
Electabuzz,125,Electric,,1.1,30,45,75,25,65,83,57,95,85,105,490,81.66666667,Nao
Magmar,126,Fire,,1.3,44.5,45,75,25,65,95,57,100,85,93,495,82.5,Nao
Pinsir,127,Bug,,1.5,55,45,50,50,65,125,100,55,70,85,500,83.33333333,Nao
Tauros,128,Normal,,1.4,88.4,45,100,0,75,100,95,40,70,110,490,81.66666667,Nao
Magikarp,129,Water,,0.9,10,255,50,50,20,10,55,15,20,80,200,33.33333333,Nao
Gyarados,130,Water,Flying,6.5,235,45,50,50,95,125,79,60,100,81,540,90,Nao
Lapras,131,Water,Ice,2.2,220,45,50,50,130,85,80,85,95,60,535,89.16666667,Nao
Ditto,132,Normal,,0.3,4,35,,,48,48,48,48,48,48,288,48,Nao
Eevee,133,Normal,,0.3,6.5,45,87.5,12.5,55,55,50,45,65,55,325,54.16666667,Nao
Vaporeon,134,Water,,1,29,45,87.5,12.5,130,65,60,110,95,65,525,87.5,Nao
Jolteon,135,Electric,,0.8,24.5,45,87.5,12.5,65,65,60,110,95,130,525,87.5,Nao
Flareon,136,Fire,,0.9,25,45,87.5,12.5,65,130,60,95,110,65,525,87.5,Nao
Porygon,137,Normal,,0.8,36.5,45,,,65,60,70,85,75,40,395,65.83333333,Nao
Omanyte,138,Rock,Water,0.4,7.5,45,87.5,12.5,35,40,100,90,55,35,355,59.16666667,Nao
Omastar,139,Rock,Water,1,35,45,87.5,12.5,70,60,125,115,70,55,495,82.5,Nao
Kabuto,140,Rock,Water,0.5,11.5,45,87.5,12.5,30,80,90,55,45,55,355,59.16666667,Nao
Kabutops,141,Rock,Water,1.3,40.5,45,87.5,12.5,60,115,105,65,70,80,495,82.5,Nao
Aerodactyl,142,Rock,Flying,1.8,59,45,87.5,12.5,80,105,65,60,75,130,515,85.83333333,Nao
Snorlax,143,Normal,,2.1,460,25,87.5,12.5,160,110,65,65,110,30,540,90,Nao
Articuno,144,Ice,Flying,1.7,55.4,3,,,90,85,100,95,125,85,580,96.66666667,Sim
Zapdos,145,Electric,Flying,1.6,52.6,3,,,90,90,85,125,90,100,580,96.66666667,Sim
Moltres,146,Fire,Flying,2,60,3,,,90,100,90,125,85,90,580,96.66666667,Sim
Dratini,147,Dragon,,1.8,3.3,45,50,50,41,64,45,50,50,50,300,50,Nao
Dragonair,148,Dragon,,4,16.5,45,50,50,61,84,65,70,70,70,420,70,Nao
Dragonite,149,Dragon,,2.2,210,45,50,50,91,134,95,100,100,80,600,100,Nao
Mewtwo,150,Psychic,,2,122,3,,,106,110,90,154,90,130,680,113.3333333,Sim
Mew,151,Psychic,,0.4,4,45,,,100,100,100,100,100,100,600,100,Nao
Chikorita,152,Grass,,0.9,6.4,45,87.5,12.5,45,49,65,49,65,45,318,53,Nao
Bayleef,153,Grass,,1.2,15.8,45,87.5,12.5,60,62,80,63,80,60,405,67.5,Nao
Meganium,154,Grass,,1.8,100.5,45,87.5,12.5,80,82,100,83,100,80,525,87.5,Nao
Cyndaquil,155,Fire,,0.5,7.9,45,87.5,12.5,39,52,43,60,50,65,309,51.5,Nao
Quilava,156,Fire,,0.9,19,45,87.5,12.5,58,64,58,80,65,80,405,67.5,Nao
Typhlosion,157,Fire,,1.7,79.5,45,87.5,12.5,78,84,78,109,85,100,534,89,Nao
Totodile,158,Water,,0.6,9.5,45,87.5,12.5,50,65,64,44,48,43,314,52.33333333,Nao
Croconaw,159,Water,,1.1,25,45,87.5,12.5,65,80,80,59,63,58,405,67.5,Nao
Feraligatr,160,Water,,2.3,88.8,45,87.5,12.5,85,105,100,79,83,78,530,88.33333333,Nao
Sentret,161,Normal,,0.8,6,255,50,50,35,46,34,35,45,20,215,35.83333333,Nao
Furret,162,Normal,,1.8,32.5,90,50,50,85,76,64,45,55,90,415,69.16666667,Nao
Hoothoot,163,Normal,Flying,0.7,21.2,255,50,50,60,30,30,36,56,50,262,43.66666667,Nao
Noctowl,164,Normal,Flying,1.6,40.8,90,50,50,100,50,50,86,96,70,452,75.33333333,Nao
Ledyba,165,Bug,Flying,1,10.8,255,50,50,40,20,30,40,80,55,265,44.16666667,Nao
Ledian,166,Bug,Flying,1.4,35.6,90,50,50,55,35,50,55,110,85,390,65,Nao
Spinarak,167,Bug,Poison,0.5,8.5,255,50,50,40,60,40,40,40,30,250,41.66666667,Nao
Ariados,168,Bug,Poison,1.1,33.5,90,50,50,70,90,70,60,70,40,400,66.66666667,Nao
Crobat,169,Poison,Flying,1.8,75,90,50,50,85,90,80,70,80,130,535,89.16666667,Nao
Chinchou,170,Water,Electric,0.5,12,190,50,50,75,38,38,56,56,67,330,55,Nao
Lanturn,171,Water,Electric,1.2,22.5,75,50,50,125,58,58,76,76,67,460,76.66666667,Nao
Pichu,172,Electric,,0.3,2,190,50,50,20,40,15,35,35,60,205,34.16666667,Nao
Cleffa,173,Fairy,,0.3,3,150,25,75,50,25,28,45,55,15,218,36.33333333,Nao
Igglybuff,174,Normal,Fairy,0.3,1,170,25,70,90,30,15,40,20,15,210,35,Nao
Togepi,175,Fairy,,0.3,1.5,190,87.5,12.5,35,20,65,40,65,20,245,40.83333333,Nao
Togetic,176,Fairy,Flying,0.6,3.2,75,87.5,12.5,55,40,85,80,105,40,405,67.5,Nao
Natu,177,Psychic,Flying,0.2,2,190,50,50,40,50,45,70,45,70,320,53.33333333,Nao
Xatu,178,Psychic,Flying,1.5,15,75,50,50,65,75,70,95,70,95,470,78.33333333,Nao
Mareep,179,Electric,,0.6,7.8,235,50,50,55,40,40,65,45,35,280,46.66666667,Nao
Flaaffy,180,Electric,,0.8,13.3,120,50,50,70,55,55,80,60,45,365,60.83333333,Nao
Ampharos,181,Electric,,1.4,61.5,45,50,50,90,75,85,115,90,55,510,85,Nao
Bellossom,182,Grass,,0.4,5.8,45,50,50,75,80,95,90,100,50,490,81.66666667,Nao
Marill,183,Water,Fairy,0.4,8.5,190,50,50,70,20,50,20,50,40,250,41.66666667,Nao
Azumarill,184,Water,Fairy,0.8,28.5,75,50,50,100,50,80,60,80,50,420,70,Nao
Sudowoodo,185,Rock,,1.2,38,65,50,50,70,100,115,30,65,30,410,68.33333333,Nao
Politoed,186,Water,,1.1,33.9,45,50,50,90,75,75,90,100,70,500,83.33333333,Nao
Hoppip,187,Grass,Flying,0.4,0.5,255,50,50,35,35,40,35,55,50,250,41.66666667,Nao
Skiploom,188,Grass,Flying,0.6,1,120,50,50,55,45,50,45,65,80,340,56.66666667,Nao
Jumpluff,189,Grass,Flying,0.8,3,45,50,50,75,55,70,55,95,110,460,76.66666667,Nao
Aipom,190,Normal,,0.8,11.5,45,50,50,55,70,55,40,55,85,360,60,Nao
Sunkern,191,Grass,,0.3,1.8,235,50,50,30,30,30,30,30,30,180,30,Nao
Sunflora,192,Grass,,0.8,8.5,120,50,50,75,75,55,105,85,30,425,70.83333333,Nao
Yanma,193,Bug,Flying,1.2,38,75,50,50,65,65,45,75,45,95,390,65,Nao
Wooper,194,Water,Ground,0.4,8.5,255,50,50,55,45,45,25,25,15,210,35,Nao
Quagsire,195,Water,Ground,1.4,75,90,50,50,95,85,85,65,65,35,430,71.66666667,Nao
Espeon,196,Psychic,,0.9,26.5,45,87.5,12.5,65,65,60,130,95,110,525,87.5,Nao
Umbreon,197,Dark,,1,27,45,87.5,12.5,95,65,110,60,130,65,525,87.5,Nao
Murkrow,198,Dark,Flying,0.5,2.1,30,50,50,60,85,42,85,42,91,405,67.5,Nao
Slowking,199,Water,Psychic,2,79.5,70,50,50,95,75,80,100,110,30,490,81.66666667,Nao
Misdreavus,200,Ghost,,0.7,1,45,50,50,60,60,60,85,85,85,435,72.5,Nao
Unown,201,Psychic,,0.5,5,225,,,48,72,48,72,48,48,336,56,Nao
Wobbuffet,202,Psychic,,1.3,28.5,45,50,50,190,33,58,33,58,33,405,67.5,Nao
Girafarig,203,Normal,Psychic,1.5,41.5,60,50,50,70,80,65,90,65,85,455,75.83333333,Nao
Pineco,204,Bug,,0.6,7.2,190,50,50,50,65,90,35,35,15,290,48.33333333,Nao
Forretress,205,Bug,Steel,1.2,125.8,75,50,50,75,90,140,60,60,40,465,77.5,Nao
Dunsparce,206,Normal,,1.5,14,190,50,50,100,70,70,65,65,45,415,69.16666667,Nao
Gligar,207,Ground,Flying,1.1,64.8,60,50,50,65,75,105,35,65,85,430,71.66666667,Nao
Steelix,208,Steel,Ground,9.2,400,25,50,50,75,85,200,55,65,30,510,85,Nao
Snubbull,209,Fairy,,0.6,7.8,190,25,75,60,80,50,40,40,30,300,50,Nao
Granbull,210,Fairy,,1.4,48.7,75,25,75,90,120,75,60,60,45,450,75,Nao
Qwilfish,211,Water,Poison,0.5,3.9,45,50,50,65,95,85,55,55,85,440,73.33333333,Nao
Scizor,212,Bug,Steel,1.8,118,25,50,50,70,130,100,55,80,65,500,83.33333333,Nao
Shuckle,213,Bug,Rock,0.6,20.5,190,50,50,20,10,230,10,230,5,505,84.16666667,Nao
Heracross,214,Bug,Fighting,1.5,54,45,50,50,80,125,75,40,95,85,500,83.33333333,Nao
Sneasel,215,Dark,Ice,0.9,28,60,50,50,55,95,55,35,75,115,430,71.66666667,Nao
Teddiursa,216,Normal,,0.6,8.8,120,50,50,60,80,50,50,50,40,330,55,Nao
Ursaring,217,Normal,,1.8,125.8,60,50,50,90,130,75,75,75,55,500,83.33333333,Nao
Slugma,218,Fire,,0.7,35,190,50,50,40,40,40,70,40,20,250,41.66666667,Nao
Magcargo,219,Fire,Rock,0.8,55,75,50,50,60,50,120,90,80,30,430,71.66666667,Nao
Swinub,220,Ice,Ground,0.4,6.5,225,50,50,50,50,40,30,30,50,250,41.66666667,Nao
Piloswine,221,Ice,Ground,1.1,55.8,75,50,50,100,100,80,60,60,50,450,75,Nao
Corsola,222,Water,Rock,0.6,5,60,25,75,65,55,95,65,95,35,410,68.33333333,Nao
Remoraid,223,Water,,0.6,12,190,50,50,35,65,35,65,35,65,300,50,Nao
Octillery,224,Water,,0.9,28.5,75,50,50,75,105,75,105,75,45,480,80,Nao
Delibird,225,Ice,Flying,0.9,16,45,50,50,45,55,45,65,45,75,330,55,Nao
Mantine,226,Water,Flying,2.1,220,25,50,50,85,40,70,80,140,70,485,80.83333333,Nao
Skarmory,227,Steel,Flying,1.7,50.5,25,50,50,65,80,140,40,70,70,465,77.5,Nao
Houndour,228,Dark,Fire,0.6,10.8,120,50,50,45,60,30,80,50,65,330,55,Nao
Houndoom,229,Dark,Fire,1.4,35,45,50,50,75,90,50,110,80,95,500,83.33333333,Nao
Kingdra,230,Water,Dragon,1.8,125,45,50,50,75,95,95,95,95,85,540,90,Nao
Phanpy,231,Ground,,0.5,33.5,120,50,50,90,60,60,40,40,40,330,55,Nao
Donphan,232,Ground,,1.1,120,60,50,50,90,120,120,60,60,50,500,83.33333333,Nao
Porygon2,233,Normal,,0.6,32.5,45,,,85,80,90,105,95,60,515,85.83333333,Nao
Stantler,234,Normal,,1.4,71.2,45,50,50,73,95,62,85,65,85,465,77.5,Nao
Smeargle,235,Normal,,1.2,58,45,50,50,55,20,35,20,45,75,250,41.66666667,Nao
Tyrogue,236,Fighting,,0.7,21,75,100,0,35,35,35,35,35,35,210,35,Nao
Hitmontop,237,Fighting,,1.4,48,45,100,0,50,95,95,35,110,70,455,75.83333333,Nao
Smoochum,238,Ice,Psychic,0.4,6,45,0,100,45,30,15,85,65,65,305,50.83333333,Nao
Elekid,239,Electric,,0.6,23.5,45,75,25,45,63,37,65,55,95,360,60,Nao
Magby,240,Fire,,0.7,21.4,45,75,25,45,75,37,70,55,83,365,60.83333333,Nao
Miltank,241,Normal,,1.2,75.5,45,0,100,95,80,105,40,70,100,490,81.66666667,Nao
Blissey,242,Normal,,1.5,46.8,30,0,100,255,10,10,75,135,55,540,90,Nao
Raikou,243,Electric,,1.9,178,3,,,90,85,75,115,100,115,580,96.66666667,Sim
Entei,244,Fire,,2.1,198,3,,,115,115,85,90,75,100,580,96.66666667,Sim
Suicune,245,Water,,2,187,3,,,100,75,115,90,115,85,580,96.66666667,Sim
Larvitar,246,Rock,Ground,0.6,72,45,50,50,50,64,50,45,50,41,300,50,Nao
Pupitar,247,Rock,Ground,1.2,152,45,50,50,70,84,70,65,70,51,410,68.33333333,Nao
Tyranitar,248,Rock,Ground,2,202,45,50,50,100,134,110,95,100,61,600,100,Nao
Lugia,249,Psychic,Flying,5.2,216,3,,,106,90,130,90,154,110,680,113.3333333,Sim
Ho-Oh,250,Fire,Flying,3.8,199,3,,,106,130,90,110,154,90,680,113.3333333,Sim
Celebi,251,Psychic,Grass,0.6,5,45,,,100,100,100,100,100,100,600,100,Nao
Treecko,252,Grass,,0.5,5,45,87.5,12.5,40,45,35,65,55,70,310,51.66666667,Nao
Grovyle,253,Grass,,0.9,21.6,45,87.5,12.5,50,65,45,85,65,95,405,67.5,Nao
Sceptile,254,Grass,,1.7,52.2,45,87.5,12.5,70,85,65,105,85,120,530,88.33333333,Nao
Torchic,255,Fire,,0.4,2.5,45,87.5,12.5,45,60,40,70,50,45,310,51.66666667,Nao
Combusken,256,Fire,Fighting,0.9,19.5,45,87.5,12.5,60,85,60,85,60,55,405,67.5,Nao
Blaziken,257,Fire,Fighting,1.9,52,45,87.5,12.5,80,120,70,110,70,80,530,88.33333333,Nao
Mudkip,258,Water,,0.4,76,45,87.5,12.5,50,70,50,50,50,40,310,51.66666667,Nao
Marshtomp,259,Water,Ground,0.7,28,45,87.5,12.5,70,85,70,60,70,50,405,67.5,Nao
Swampert,260,Water,Ground,1.5,81.9,45,87.5,12.5,100,110,90,85,90,60,535,89.16666667,Nao
Poochyena,261,Dark,,0.5,13.6,255,50,50,35,55,35,30,30,35,220,36.66666667,Nao
Mightyena,262,Dark,,1,37,127,50,50,70,90,70,60,60,70,420,70,Nao
Zigzagoon,263,Normal,,0.4,17.5,255,50,50,38,30,41,30,41,60,240,40,Nao
Linoone,264,Normal,,0.5,32.5,90,50,50,78,70,61,50,61,100,420,70,Nao
Wurmple,265,Bug,,0.3,3.6,255,50,50,45,45,35,20,30,20,195,32.5,Nao
Silcoon,266,Bug,,0.6,10,120,50,50,50,35,55,25,25,15,205,34.16666667,Nao
Beautifly,267,Bug,Flying,1,28.4,45,50,50,60,70,50,100,50,65,395,65.83333333,Nao
Cascoon,268,Bug,,0.7,11.5,120,50,50,50,35,55,25,25,15,205,34.16666667,Nao
Dustox,269,Bug,Poison,1.2,31.6,45,50,50,60,50,70,50,90,65,385,64.16666667,Nao
Lotad,270,Water,Grass,0.5,2.6,255,50,50,40,30,30,40,50,30,220,36.66666667,Nao
Lombre,271,Water,Grass,1.2,32.5,120,50,50,60,50,50,60,70,50,340,56.66666667,Nao
Ludicolo,272,Water,Grass,1.5,55,45,50,50,80,70,70,90,100,70,480,80,Nao
Seedot,273,Grass,,0.5,4,255,50,50,40,40,50,30,30,30,220,36.66666667,Nao
Nuzleaf,274,Grass,Dark,1,28,120,50,50,70,70,40,60,40,60,340,56.66666667,Nao
Shiftry,275,Grass,Dark,1.3,59.6,45,50,50,90,100,60,90,60,80,480,80,Nao
Taillow,276,Normal,Flying,0.3,2.3,200,50,50,40,55,30,30,30,85,270,45,Nao
Swellow,277,Normal,Flying,0.7,19.8,45,50,50,60,85,60,75,50,125,455,75.83333333,Nao
Wingull,278,Water,Flying,0.6,9.5,190,50,50,40,30,30,55,30,85,270,45,Nao
Pelipper,279,Water,Flying,1.2,28,45,50,50,60,50,100,95,70,65,440,73.33333333,Nao
Ralts,280,Psychic,Fairy,0.4,6.6,235,50,50,28,25,25,45,35,40,198,33,Nao
Kirlia,281,Psychic,Fairy,0.8,20.2,120,50,50,38,35,35,65,55,50,278,46.33333333,Nao
Gardevoir,282,Psychic,Fairy,1.6,48.4,45,50,50,68,65,65,125,115,80,518,86.33333333,Nao
Surskit,283,Bug,Water,0.5,1.7,200,50,50,40,30,32,50,52,65,269,44.83333333,Nao
Masquerain,284,Bug,Flying,0.8,3.6,75,50,50,70,60,62,100,82,80,454,75.66666667,Nao
Shroomish,285,Grass,,0.4,4.5,255,50,50,60,40,60,40,60,35,295,49.16666667,Nao
Breloom,286,Grass,Fighting,1.2,39.2,90,50,50,60,130,80,60,60,70,460,76.66666667,Nao
Slakoth,287,Normal,,0.8,24,255,50,50,60,60,60,35,35,30,280,46.66666667,Nao
Vigoroth,288,Normal,,1.4,46.5,120,50,50,80,80,80,55,55,90,440,73.33333333,Nao
Slaking,289,Normal,,2,130.5,45,50,50,150,160,100,95,65,100,670,111.6666667,Nao
Nincada,290,Bug,Ground,0.5,5.5,255,50,50,31,45,90,30,30,40,266,44.33333333,Nao
Ninjask,291,Bug,Flying,0.8,12,120,50,50,61,90,45,50,50,160,456,76,Nao
Shedinja,292,Bug,Ghost,0.8,1.2,45,,,1,90,45,30,30,40,236,39.33333333,Nao
Whismur,293,Normal,,0.6,16.3,190,50,50,64,51,23,51,23,28,240,40,Nao
Loudred,294,Normal,,1,40.5,120,50,50,84,71,43,71,43,48,360,60,Nao
Exploud,295,Normal,,1.5,84,45,50,50,104,91,63,91,73,68,490,81.66666667,Nao
Makuhita,296,Fighting,,1,86.4,180,75,25,72,60,30,20,30,25,237,39.5,Nao
Hariyama,297,Fighting,,2.3,253.8,200,75,25,144,120,60,40,60,50,474,79,Nao
Azurill,298,Normal,Fairy,0.2,2,150,25,75,50,20,40,20,40,20,190,31.66666667,Nao
Nosepass,299,Rock,,1,97,255,50,50,30,45,135,45,90,30,375,62.5,Nao
Skitty,300,Normal,,0.6,11,255,25,75,50,45,45,35,35,50,260,43.33333333,Nao
Delcatty,301,Normal,,1.1,32.6,60,25,75,70,65,65,55,55,90,400,66.66666667,Nao
Sableye,302,Dark,Ghost,0.5,11,45,50,50,50,75,75,65,65,50,380,63.33333333,Nao
Mawile,303,Steel,Fairy,0.6,11.5,45,50,50,50,85,85,55,55,50,380,63.33333333,Nao
Aron,304,Steel,Rock,0.4,60,180,50,50,50,70,100,40,40,30,330,55,Nao
Lairon,305,Steel,Rock,0.9,120,90,50,50,60,90,140,50,50,40,430,71.66666667,Nao
Aggron,306,Steel,Rock,2.1,360,45,50,50,70,110,180,60,60,50,530,88.33333333,Nao
Meditite,307,Fighting,Psychic,0.6,11.2,180,50,50,30,40,55,40,55,60,280,46.66666667,Nao
Medicham,308,Fighting,Psychic,1.3,31.5,90,50,50,60,60,75,60,75,80,410,68.33333333,Nao
Electrike,309,Electric,,0.6,15.2,120,50,50,40,45,40,65,40,65,295,49.16666667,Nao
Manectric,310,Electric,,1.5,40.2,45,50,50,70,75,60,105,60,105,475,79.16666667,Nao
Plusle,311,Electric,,0.4,4.2,200,50,50,60,50,40,85,75,95,405,67.5,Nao
Minun,312,Electric,,0.4,4.2,200,50,50,60,40,50,75,85,95,405,67.5,Nao
Volbeat,313,Bug,,0.7,17.7,150,100,0,65,73,75,47,85,85,430,71.66666667,Nao
Illumise,314,Bug,,0.6,17.7,150,0,100,65,47,75,73,85,85,430,71.66666667,Nao
Roselia,315,Grass,Poison,0.3,2,150,50,50,50,60,45,100,80,65,400,66.66666667,Nao
Gulpin,316,Poison,,0.4,10.3,225,50,50,70,43,53,43,53,40,302,50.33333333,Nao
Swalot,317,Poison,,1.7,80,75,50,50,100,73,83,73,83,55,467,77.83333333,Nao
Carvanha,318,Water,Dark,0.8,20.8,225,50,50,45,90,20,65,20,65,305,50.83333333,Nao
Sharpedo,319,Water,Dark,1.8,88.8,60,50,50,70,120,40,95,40,95,460,76.66666667,Nao
Wailmer,320,Water,,2,130,125,50,50,130,70,35,70,35,60,400,66.66666667,Nao
Wailord,321,Water,,14.5,398,60,50,50,170,90,45,90,45,60,500,83.33333333,Nao
Numel,322,Fire,Ground,0.7,24,255,50,50,60,60,40,65,45,35,305,50.83333333,Nao
Camerupt,323,Fire,Ground,1.9,220,150,50,50,70,100,70,105,75,40,460,76.66666667,Nao
Torkoal,324,Fire,,0.5,80.4,90,50,50,70,85,140,85,70,20,470,78.33333333,Nao
Spoink,325,Psychic,,0.7,30.6,255,50,50,60,25,35,70,80,60,330,55,Nao
Grumpig,326,Psychic,,0.9,71.5,60,50,50,80,45,65,90,110,80,470,78.33333333,Nao
Spinda,327,Normal,,1.1,5,255,50,50,60,60,60,60,60,60,360,60,Nao
Trapinch,328,Ground,,0.7,15,255,50,50,45,100,45,45,45,10,290,48.33333333,Nao
Vibrava,329,Ground,Dragon,1.1,15.3,120,50,50,50,70,50,50,50,70,340,56.66666667,Nao
Flygon,330,Ground,Dragon,2,82,45,50,50,80,100,80,80,80,100,520,86.66666667,Nao
Cacnea,331,Grass,,0.4,51.3,190,50,50,50,85,40,85,40,35,335,55.83333333,Nao
Cacturne,332,Grass,Dark,1.3,77.4,60,50,50,70,115,60,115,60,55,475,79.16666667,Nao
Swablu,333,Normal,Flying,0.4,1.2,255,50,50,45,40,60,40,75,50,310,51.66666667,Nao
Altaria,334,Dragon,Flying,1.1,20.6,45,50,50,75,70,90,70,105,80,490,81.66666667,Nao
Zangoose,335,Normal,,1.3,40.3,90,50,50,73,115,60,60,60,90,458,76.33333333,Nao
Seviper,336,Poison,,2.7,52.5,90,50,50,73,100,60,100,60,65,458,76.33333333,Nao
Lunatone,337,Rock,Psychic,1,168,45,,,90,55,65,95,85,70,460,76.66666667,Nao
Solrock,338,Rock,Psychic,1.2,154,45,,,90,95,85,55,65,70,460,76.66666667,Nao
Barboach,339,Water,Ground,0.4,1.9,190,50,50,50,48,43,46,41,60,288,48,Nao
Whiscash,340,Water,Ground,0.9,23.6,75,50,50,110,78,73,76,71,60,468,78,Nao
Corphish,341,Water,,0.6,11.5,205,50,50,43,80,65,50,35,35,308,51.33333333,Nao
Crawdaunt,342,Water,Dark,1.1,32.8,155,50,50,63,120,85,90,55,55,468,78,Nao
Baltoy,343,Ground,Psychic,0.5,21.5,255,,,40,40,55,40,70,55,300,50,Nao
Claydol,344,Ground,Psychic,1.5,107.9,90,,,60,70,105,70,120,75,500,83.33333333,Nao
Lileep,345,Rock,Grass,1,23.8,45,87.5,12.5,66,41,77,61,87,23,355,59.16666667,Nao
Cradily,346,Rock,Grass,1.5,60.4,45,87.5,12.5,86,81,97,81,107,43,495,82.5,Nao
Anorith,347,Rock,Bug,0.7,12.5,45,87.5,12.5,45,95,50,40,50,75,355,59.16666667,Nao
Armaldo,348,Rock,Bug,1.5,68.2,45,87.5,12.5,75,125,100,70,80,45,495,82.5,Nao
Feebas,349,Water,,0.6,7.4,255,50,50,20,15,20,10,55,80,200,33.33333333,Nao
Milotic,350,Water,,6.2,162,60,50,50,95,60,79,100,125,81,540,90,Nao
Castform,351,Normal,,0.3,0.8,45,50,50,70,70,70,70,70,70,420,70,Nao
Kecleon,352,Normal,,1,22,200,50,50,60,90,70,60,120,40,440,73.33333333,Nao
Shuppet,353,Ghost,,0.6,2.3,225,50,50,44,75,35,63,33,45,295,49.16666667,Nao
Banette,354,Ghost,,1.1,12.5,45,50,50,64,115,65,83,63,65,455,75.83333333,Nao
Duskull,355,Ghost,,0.8,15,190,50,50,20,40,90,30,90,25,295,49.16666667,Nao
Dusclops,356,Ghost,,1.6,30.6,90,50,50,40,70,130,60,130,25,455,75.83333333,Nao
Tropius,357,Grass,Flying,2,100,200,50,50,99,68,83,72,87,51,460,76.66666667,Nao
Chimecho,358,Psychic,,0.6,1,45,50,50,75,50,80,95,90,65,455,75.83333333,Nao
Absol,359,Dark,,1.2,47,30,50,50,65,130,60,75,60,75,465,77.5,Nao
Wynaut,360,Psychic,,0.6,14,125,50,50,95,23,48,23,48,23,260,43.33333333,Nao
Snorunt,361,Ice,,0.7,16.8,190,50,50,50,50,50,50,50,50,300,50,Nao
Glalie,362,Ice,,1.5,256.5,75,50,50,80,80,80,80,80,80,480,80,Nao
Spheal,363,Ice,Water,0.8,39.5,255,50,50,70,40,50,55,50,25,290,48.33333333,Nao
Sealeo,364,Ice,Water,1.1,84.6,120,50,50,90,60,70,75,70,45,410,68.33333333,Nao
Walrein,365,Ice,Water,1.4,150.6,45,50,50,110,80,90,95,90,65,530,88.33333333,Nao
Clamperl,366,Water,,0.4,52.5,255,50,50,35,64,85,74,55,32,345,57.5,Nao
Huntail,367,Water,,1.7,27,60,50,50,55,104,105,94,75,52,485,80.83333333,Nao
Gorebyss,368,Water,,1.8,22.6,60,50,50,55,84,105,114,75,52,485,80.83333333,Nao
Relicanth,369,Water,Rock,1,23.4,25,87.5,12.5,100,90,130,45,65,55,485,80.83333333,Nao
Luvdisc,370,Water,,0.6,8.7,225,25,75,43,30,55,40,65,97,330,55,Nao
Bagon,371,Dragon,,0.6,42.1,45,50,50,45,75,60,40,30,50,300,50,Nao
Shelgon,372,Dragon,,1.1,110.5,45,50,50,65,95,100,60,50,50,420,70,Nao
Salamence,373,Dragon,Flying,1.5,102.6,45,50,50,95,135,80,110,80,100,600,100,Nao
Beldum,374,Steel,Psychic,0.6,95.2,3,,,40,55,80,35,60,30,300,50,Nao
Metang,375,Steel,Psychic,1.2,202.5,3,,,60,75,100,55,80,50,420,70,Nao
Metagross,376,Steel,Psychic,1.6,550,3,,,80,135,130,95,90,70,600,100,Nao
Regirock,377,Rock,,1.7,230,3,,,80,100,200,50,100,50,580,96.66666667,Sim
Regice,378,Ice,,1.8,175,3,,,80,50,100,100,200,50,580,96.66666667,Sim
Registeel,379,Steel,,1.9,205,3,,,80,75,150,75,150,50,580,96.66666667,Sim
Latias,380,Dragon,Psychic,1.4,40,3,0,100,80,80,90,110,130,110,600,100,Sim
Latios,381,Dragon,Psychic,2,60,3,100,0,80,90,80,130,110,110,600,100,Sim
Kyogre,382,Water,,4.5,352,3,,,100,100,90,150,140,90,670,111.6666667,Sim
Groundon,383,Ground,,3.5,950,3,,,100,150,140,100,90,90,670,111.6666667,Sim
Rayquaza,384,Dragon,Flying,7,206.5,45,,,105,150,90,150,90,95,680,113.3333333,Sim
Jirachi,385,Steel,Psychic,0.3,1.1,3,,,100,100,100,100,100,100,600,100,Nao
Deoxys,386,Psychic,,1.7,60.8,3,,,50,150,50,150,50,150,600,100,Nao
Turtwig,387,Grass,,0.4,10.2,45,87.5,12.5,55,68,64,45,55,31,318,53,Nao
Grotle,388,Grass,,1.1,97,45,87.5,12.5,75,89,85,55,65,36,405,67.5,Nao
Torterra,389,Grass,Ground,2.2,310,45,87.5,12.5,95,109,105,75,85,56,525,87.5,Nao
Chimchar,390,Fire,,0.5,6.2,45,87.5,12.5,44,58,44,58,44,61,309,51.5,Nao
Monferno,391,Fire,Fighting,0.9,22,45,87.5,12.5,64,78,52,78,52,81,405,67.5,Nao
Infernape,392,Fire,Fighting,1.2,55,45,87.5,12.5,76,104,71,104,71,108,534,89,Nao
Piplup,393,Water,,0.4,5.2,45,87.5,12.5,53,51,53,61,56,40,314,52.33333333,Nao
Prinplup,394,Water,,0.8,23,45,87.5,12.5,64,66,68,81,76,50,405,67.5,Nao
Empoleon,395,Water,Steel,1.7,84.5,45,87.5,12.5,84,86,88,111,101,60,530,88.33333333,Nao
Starly,396,Normal,Flying,0.3,2,255,50,50,40,55,30,30,30,60,245,40.83333333,Nao
Staravia,397,Normal,Flying,0.6,15.5,120,50,50,55,75,50,40,40,80,340,56.66666667,Nao
Staraptor,398,Normal,Flying,1.2,24.9,45,50,50,85,120,70,50,60,100,485,80.83333333,Nao
Bidoof,399,Normal,,0.5,20,255,50,50,59,45,40,35,40,31,250,41.66666667,Nao
Bibarel,400,Normal,Water,1,31.5,127,50,50,79,85,60,55,60,71,410,68.33333333,Nao
Kricketot,401,Bug,,0.3,2.2,255,50,50,37,25,41,25,41,25,194,32.33333333,Nao
Kricketune,402,Bug,,1,25.5,45,50,50,77,85,51,55,51,65,384,64,Nao
Shinx,403,Electric,,0.5,3.5,235,50,50,45,65,34,40,34,45,263,43.83333333,Nao
Luxio,404,Electric,,0.9,30.5,120,50,50,60,85,49,60,49,60,363,60.5,Nao
Luxray,405,Electric,,1.4,42,45,50,50,80,120,79,95,79,70,523,87.16666667,Nao
Budew,406,Grass,Poison,0.2,1.2,255,50,50,40,30,35,50,70,55,280,46.66666667,Nao
Roserade,407,Grass,Poison,0.9,14.5,75,50,50,60,70,65,125,105,90,515,85.83333333,Nao
Cranidos,408,Rock,,0.9,31.5,45,87.5,12.5,67,125,40,30,30,58,350,58.33333333,Nao
Rampardos,409,Rock,,1.6,102.5,45,87.5,12.5,97,165,60,65,50,58,495,82.5,Nao
Shieldon,410,Rock,Steel,0.5,57,45,87.5,12.5,30,42,118,42,88,30,350,58.33333333,Nao
Bastiodon,411,Rock,Steel,1.3,149.5,45,87.5,12.5,60,52,168,47,138,30,495,82.5,Nao
Burmy,412,Bug,,0.2,3.4,120,50,50,40,29,45,29,45,36,224,37.33333333,Nao
Wormadam,413,Bug,Grass,0.5,6.5,45,0,100,60,59,85,79,105,36,424,70.66666667,Nao
Mothim,414,Bug,Flying,0.9,23.3,45,100,0,70,94,50,94,50,66,424,70.66666667,Nao
Combee,415,Bug,Flying,0.3,5.5,120,87.5,12.5,30,30,42,30,42,70,244,40.66666667,Nao
Vespiquen,416,Bug,Flying,1.2,38.5,45,0,100,70,80,102,80,102,40,474,79,Nao
Pachirisu,417,Electric,,0.4,3.9,200,50,50,60,45,70,45,90,95,405,67.5,Nao
Buizel,418,Water,,0.7,29.5,190,50,50,55,65,35,60,30,85,330,55,Nao
Floatzel,419,Water,,1.1,33.5,75,50,50,85,105,55,85,50,115,495,82.5,Nao
Cherubi,420,Grass,,0.4,3.3,190,50,50,45,35,45,62,53,35,275,45.83333333,Nao
Cherrim,421,Grass,,0.5,9.3,75,50,50,70,60,70,87,78,85,450,75,Nao
Shellos,422,Water,,0.3,6.3,190,50,50,76,48,48,57,62,34,325,54.16666667,Nao
Gastrodon,423,Water,Ground,0.9,29.9,75,50,50,111,83,68,92,82,39,475,79.16666667,Nao
Ambipom,424,Normal,,1.2,20.3,45,50,50,75,100,66,60,66,115,482,80.33333333,Nao
Drifloon,425,Ghost,Flying,0.4,1.2,125,50,50,90,50,34,60,44,70,348,58,Nao
Drifblim,426,Ghost,Flying,1.2,15,60,50,50,150,80,44,90,54,80,498,83,Nao
Buneary,427,Normal,,0.4,5.5,190,50,50,55,66,44,44,56,85,350,58.33333333,Nao
Lopunny,428,Normal,,1.2,33.3,60,50,50,65,76,84,54,96,105,480,80,Nao
Mismagius,429,Ghost,,0.9,4.4,45,50,50,60,60,60,105,105,105,495,82.5,Nao
Honchkrow,430,Ghost,,0.9,27.3,30,50,50,100,125,52,105,52,71,505,84.16666667,Nao
Glameow,431,Normal,,0.5,3.9,190,25,75,49,55,42,42,37,85,310,51.66666667,Nao
Purugly,432,Normal,,1,43.8,75,25,75,71,82,64,64,59,112,452,75.33333333,Nao
Chingling,433,Psychic,,0.2,0.6,120,50,50,45,30,50,65,50,45,285,47.5,Nao
Stunky,434,Poison,Dark,0.4,19.2,225,50,50,63,63,47,41,41,74,329,54.83333333,Nao
Skuntank,435,Poison,Dark,1,38,60,50,50,103,93,67,71,61,84,479,79.83333333,Nao
Bronzor,436,Steel,Psychic,0.5,60.5,255,,,57,24,86,24,86,23,300,50,Nao
Bronzong,437,Steel,Psychic,1.3,187,90,,,67,89,116,79,116,33,500,83.33333333,Nao
Bonsly,438,Rock,,0.5,15,255,50,50,50,80,95,10,45,10,290,48.33333333,Nao
Mime Jr.,439,Psychic,Fairy,0.6,13,145,50,50,20,25,45,70,90,60,310,51.66666667,Nao
Happiny,440,Normal,,0.6,24.4,130,0,100,100,5,5,15,65,30,220,36.66666667,Nao
Chatot,441,Normal,Flying,0.5,1.9,30,50,50,76,65,45,92,42,91,411,68.5,Nao
Spiritomb,442,Ghost,Dark,1,108,100,50,50,50,92,108,92,108,35,485,80.83333333,Nao
Gible,443,Dragon,Ground,0.7,20.5,45,50,50,58,70,45,40,45,42,300,50,Nao
Gabite,444,Dragon,Ground,1.4,56,45,50,50,68,90,65,50,55,82,410,68.33333333,Nao
Garchomp,445,Dragon,Ground,1.9,95,45,50,50,108,130,95,80,85,102,600,100,Nao
Munchlax,446,Normal,,0.6,105,50,87.5,12.5,135,85,40,40,85,5,390,65,Nao
Riolu,447,Fighting,,0.7,20.2,75,87.5,12.5,40,70,40,35,40,60,285,47.5,Nao
Lucario,448,Fighting,Steel,1.2,54,45,87.5,12.5,70,110,70,115,70,90,525,87.5,Nao
Hippopotas,449,Ground,,0.8,49.5,140,50,50,68,72,78,38,42,32,330,55,Nao
Hippowdon,450,Ground,,2,300,60,50,50,108,112,118,68,72,47,525,87.5,Nao
Skorupi,451,Poison,Bug,0.8,12,120,50,50,40,50,90,30,55,65,330,55,Nao
Drapion,452,Poison,Dark,1.3,61.5,45,50,50,70,90,110,60,75,95,500,83.33333333,Nao
Croagunk,453,Poison,Fighting,0.7,23,140,50,50,48,61,40,61,40,50,300,50,Nao
Toxicroak,454,Poison,Fighting,1.3,44.4,75,50,50,83,106,65,86,65,85,490,81.66666667,Nao
Carnivine,455,Grass,,1.4,27,200,50,50,74,100,72,90,72,46,454,75.66666667,Nao
Finneon,456,Water,,0.4,7,190,50,50,49,49,56,49,61,66,330,55,Nao
Lumineon,457,Water,,1.2,24,75,50,50,69,69,76,69,86,91,460,76.66666667,Nao
Mantyke,458,Water,Flying,1,65,25,50,50,45,20,50,60,120,50,345,57.5,Nao
Snover,459,Grass,Ice,1,50.5,120,50,50,60,62,50,62,60,40,334,55.66666667,Nao
Abomasnow,460,Grass,Ice,2.2,135.5,60,50,50,90,92,75,92,85,60,494,82.33333333,Nao
Weavile,461,Dark,Ice,1.1,34,45,50,50,70,120,65,45,85,125,510,85,Nao
Magnezone,462,Electric,Steel,1.2,180,30,,,70,70,115,130,90,60,535,89.16666667,Nao
Licklicky,463,Normal,,1.7,140,30,50,50,110,85,95,80,95,50,515,85.83333333,Nao
Rhyperior,464,Ground,Rock,2.4,282.8,30,50,50,115,140,130,55,55,40,535,89.16666667,Nao
Tangrowth,465,Grass,,2,128.6,30,50,50,100,100,125,110,50,50,535,89.16666667,Nao
Electivire,466,Electric,,1.8,138.6,30,75,25,75,123,67,95,85,95,540,90,Nao
Magmortar,467,Fire,,1.6,68,30,75,25,75,95,67,125,95,83,540,90,Nao
Togekiss,468,Fairy,Flying,1.5,38,30,87.5,12.5,85,50,95,120,115,80,545,90.83333333,Nao
Yanmega,469,Bug,Flying,1.9,51.5,30,50,50,86,76,86,116,56,95,515,85.83333333,Nao
Leafeon,470,Grass,,1,25.5,45,87.5,12.5,65,110,130,60,65,95,525,87.5,Nao
Glaceon,471,Ice,,0.8,25.9,45,87.5,12.5,65,60,110,130,95,65,525,87.5,Nao
Gliscor,472,Ground,Flying,2,42.5,30,50,50,75,95,125,45,75,95,510,85,Nao
Mamoswine,473,Ice,Ground,2.5,291,50,50,50,110,130,80,70,60,80,530,88.33333333,Nao
Porygon-Z,474,Normal,,0.9,34,30,,,85,80,70,135,75,90,535,89.16666667,Nao
Gallade,475,Psychic,Fighting,1.6,52,45,100,0,68,125,65,65,115,80,518,86.33333333,Nao
Probopass,476,Rock,Steel,1.4,340,60,50,50,60,55,145,75,150,40,525,87.5,Nao
Durknoir,477,Ghost,,2.2,106.6,45,50,50,45,100,135,65,135,45,525,87.5,Nao
Froslass,478,Ice,Ghost,1.3,26.6,75,0,100,70,80,70,80,70,110,480,80,Nao
Rotom,479,Electric,Ghost,0.3,0.3,45,,,50,50,77,95,77,91,440,73.33333333,Nao
Uxie,480,Psychic,,0.3,0.3,3,,,75,75,130,75,130,95,580,96.66666667,Sim
Mesprit,481,Psychic,,0.3,0.3,3,,,80,105,105,105,105,80,580,96.66666667,Sim
Azelf,482,Psychic,,0.3,0.3,3,,,75,125,70,125,70,115,580,96.66666667,Sim
Dialga,483,Steel,Dragon,5.4,683,3,,,100,120,120,150,100,90,680,113.3333333,Sim
Palkia,484,Water,Dragon,4.2,336,3,,,90,120,100,150,120,100,680,113.3333333,Sim
Heatran,485,Fire,Steel,1.7,430,3,50,50,91,90,106,130,106,77,600,100,Sim
Regigigas,486,Normal,,3.7,420,3,,,110,160,110,80,110,100,670,111.6666667,Sim
Giratina,487,Ghost,Dragon,4.5,750,3,,,150,100,120,100,120,90,680,113.3333333,Sim
Cresselia,488,Psychic,,1.5,85.6,3,0,100,120,70,120,75,130,85,600,100,Sim
Phione,489,Water,,0.4,3.1,30,,,80,80,80,80,80,80,480,80,Nao
Manaphy,490,Water,,0.3,1.4,3,,,100,100,100,100,100,100,600,100,Nao
Darkrai,491,Dark,,1.5,50.5,3,,,70,90,90,135,90,125,600,100,Nao
Shaymin,492,Grass,,0.2,2.1,45,,,100,100,100,100,100,100,600,100,Nao
Arceus,493,Normal,,3.2,320,3,,,120,120,120,120,120,120,720,120,Nao
Victini,494,Psychic,Fire,0.4,4,3,,,100,100,100,100,100,100,600,100,Nao
Snivy,495,Grass,,0.6,8.1,45,87.5,12.5,45,45,55,45,55,63,308,51.33333333,Nao
Servine,496,Grass,,0.8,16,45,87.5,12.5,60,60,75,60,75,83,413,68.83333333,Nao
Serperior,497,Grass,,3.3,63,45,87.5,12.5,75,75,95,75,95,113,528,88,Nao
Tepig,498,Fire,,0.5,9.9,45,87.5,12.5,65,63,45,45,45,45,308,51.33333333,Nao
Pignite,499,Fire,Fighting,1,55.5,45,87.5,12.5,90,93,55,70,55,55,418,69.66666667,Nao
Emboar,500,Fire,Fighting,1.6,150,45,87.5,12.5,110,123,65,100,65,65,528,88,Nao
Oshawott,501,Water,,0.5,5.9,45,87.5,12.5,55,55,45,63,45,45,308,51.33333333,Nao
Dewott,502,Water,,0.8,24.5,45,87.5,12.5,75,75,60,83,60,60,413,68.83333333,Nao
Samurott,503,Water,,1.5,94.6,45,87.5,12.5,95,100,85,108,70,70,528,88,Nao
Patrat,504,Normal,,0.5,11.6,255,50,50,45,55,39,35,39,42,255,42.5,Nao
Watchog,505,Normal,,1.1,27,255,50,50,60,85,69,60,69,77,420,70,Nao
Lillipup,506,Normal,,0.4,4.1,255,50,50,45,60,45,25,45,55,275,45.83333333,Nao
Herdier,507,Normal,,0.9,14.7,120,50,50,65,80,65,35,65,60,370,61.66666667,Nao
Stoutland,508,Normal,,1.2,61,45,50,50,85,110,90,45,90,80,500,83.33333333,Nao
Purrloin,509,Dark,,0.4,10.1,255,50,50,41,50,37,50,37,66,281,46.83333333,Nao
Liepard,510,Dark,,1.1,37.5,90,50,50,64,88,50,88,50,106,446,74.33333333,Nao
Pansage,511,Grass,,0.6,10.5,190,87.5,12.5,50,53,48,53,48,64,316,52.66666667,Nao
Simisage,512,Grass,,1.1,30.5,75,87.5,12.5,75,98,63,98,63,101,498,83,Nao
Pansear,513,Fire,,0.6,11,190,87.5,12.5,50,53,48,53,48,64,316,52.66666667,Nao
Simisear,514,Fire,,1,28,75,87.5,12.5,75,98,63,98,63,101,498,83,Nao
Panpour,515,Water,,0.6,13.5,190,87.5,12.5,50,53,48,53,48,64,316,52.66666667,Nao
Simipour,516,Water,,1,29,75,87.5,12.5,75,98,63,98,63,101,498,83,Nao
Munna,517,Psychic,,0.6,23.3,190,50,50,76,25,45,67,55,24,292,48.66666667,Nao
Musharna,518,Psychic,,1.1,60.5,75,50,50,116,55,85,107,95,29,487,81.16666667,Nao
Pidove,519,Normal,Flying,0.3,2.1,255,50,50,50,55,50,36,30,43,264,44,Nao
Tranquill,520,Normal,Flying,0.6,15,120,50,50,62,77,62,50,42,65,358,59.66666667,Nao
Unfezant,521,Normal,Flying,1.2,29,45,50,50,80,115,80,65,55,93,488,81.33333333,Nao
Blitzle,522,Electric,,0.8,29.8,190,50,50,45,60,32,50,32,76,295,49.16666667,Nao
Zebstrika,523,Electric,,1.6,79.5,75,50,50,75,100,63,80,63,116,497,82.83333333,Nao
Roggenrola,524,Rock,,0.4,18,255,50,50,55,75,85,25,25,15,280,46.66666667,Nao
Boldore,525,Rock,,0.9,102,120,50,50,70,105,105,50,40,20,390,65,Nao
Gigalith,526,Rock,,1.7,260,45,50,50,85,135,130,60,80,25,515,85.83333333,Nao
Woobat,527,Psychic,Flying,0.4,2.1,190,50,50,65,45,43,55,43,72,323,53.83333333,Nao
Swoobat,528,Psychic,Flying,0.9,10.5,45,50,50,67,57,55,77,55,114,425,70.83333333,Nao
Drilbur,529,Ground,,0.3,8.5,120,50,50,60,85,40,30,45,68,328,54.66666667,Nao
Excadrill,530,Ground,Steel,0.7,40.4,60,50,50,110,135,60,50,65,88,508,84.66666667,Nao
Audino,531,Normal,,1.1,31,255,50,50,103,60,126,80,126,50,545,90.83333333,Nao
Timburr,532,Fighting,,0.6,12.5,180,75,25,75,80,55,25,35,35,305,50.83333333,Nao
Gurdurr,533,Fighting,,1.2,40,90,75,25,85,105,85,40,50,40,405,67.5,Nao
Conkeldurr,534,Fighting,,1.4,87,45,75,25,105,140,95,55,65,45,505,84.16666667,Nao
Tympole,535,Water,,0.5,4.5,255,50,50,50,50,40,50,40,64,294,49,Nao
Palpitoad,536,Water,Ground,0.8,17,120,50,50,75,65,55,65,55,69,384,64,Nao
Seismitoad,537,Water,Ground,1.5,62,45,50,50,105,95,75,85,75,74,509,84.83333333,Nao
Throh,538,Fighting,,1.3,55.5,45,100,0,120,100,85,30,85,45,465,77.5,Nao
Sawk,539,Fighting,,1.4,51,45,100,0,75,125,75,30,75,85,465,77.5,Nao
Sewaddle,540,Bug,Grass,0.3,2.3,255,50,50,45,53,70,40,60,42,310,51.66666667,Nao
Swadloon,541,Bug,Grass,0.5,7.3,120,50,50,55,63,90,50,80,42,380,63.33333333,Nao
Leavanny,542,Bug,Grass,1.2,20.5,45,50,50,75,103,80,70,80,92,500,83.33333333,Nao
Venipede,543,Bug,Poison,0.4,5.3,255,50,50,30,45,59,30,39,57,260,43.33333333,Nao
Whirlipede,544,Bug,Poison,1.2,58.5,120,50,50,40,55,99,40,79,47,360,60,Nao
Scolipede,545,Bug,Poison,2.5,200.5,45,50,50,60,100,89,55,69,112,485,80.83333333,Nao
Cottonee,546,Grass,Fairy,0.3,0.6,190,50,50,40,27,60,37,50,66,280,46.66666667,Nao
Whimsicott,547,Grass,Fairy,0.7,6.6,75,50,50,60,67,85,77,75,116,480,80,Nao
Petilil,548,Grass,,0.5,6.6,190,0,100,45,35,50,70,50,30,280,46.66666667,Nao
Lilligant,549,Grass,,1.1,16.3,75,0,100,70,60,75,110,75,90,480,80,Nao
Basculin,550,Water,,1,18,25,50,50,70,92,65,80,55,98,460,76.66666667,Nao
Sandile,551,Ground,Dark,0.7,15.2,180,50,50,50,72,35,35,35,65,292,48.66666667,Nao
Krokorok,552,Ground,Dark,1,33.4,90,50,50,60,82,45,45,45,74,351,58.5,Nao
Krookodile,553,Ground,Dark,1.5,96.3,45,50,50,95,117,80,65,70,92,519,86.5,Nao
Darumaka,554,Fire,,0.6,37.5,120,50,50,70,90,45,15,45,50,315,52.5,Nao
Darmanitan,555,Fire,,1.3,92.9,60,50,50,105,140,55,30,55,95,480,80,Nao
Maractus,556,Grass,,1,28,255,50,50,75,86,67,106,67,60,461,76.83333333,Nao
Dwebble,557,Bug,Rock,0.3,14.5,190,50,50,50,65,85,35,35,55,325,54.16666667,Nao
Crustle,558,Bug,Rock,1.4,200,75,50,50,70,105,125,65,75,45,485,80.83333333,Nao
Scraggy,559,Dark,Fighting,0.6,11.8,180,50,50,50,75,70,35,70,48,348,58,Nao
Scrafty,560,Dark,Fighting,1.1,30,90,50,50,65,90,115,45,115,58,488,81.33333333,Nao
Sigilyph,561,Psychic,Flying,1.4,14,45,50,50,72,58,80,103,80,97,490,81.66666667,Nao
Yamask,562,Ghost,,0.5,1.5,190,50,50,38,30,85,55,65,30,303,50.5,Nao
Cofagrigus,563,Ghost,,1.7,76.5,90,50,50,58,50,145,95,105,30,483,80.5,Nao
Tirtouga,564,Water,Rock,0.7,16.5,45,87.5,12.5,54,78,103,53,45,22,355,59.16666667,Nao
Carracosta,565,Water,Rock,1.2,81,45,87.5,12.5,74,108,133,83,65,32,495,82.5,Nao
Archen,566,Rock,Flying,0.5,9.5,45,87.5,12.5,55,112,45,74,45,70,401,66.83333333,Nao
Archeops,567,Rock,Flying,1.4,32,45,87.5,12.5,75,140,65,112,65,110,567,94.5,Nao
Trubbish,568,Poison,,0.6,31,190,50,50,50,50,62,40,62,65,329,54.83333333,Nao
Garbodor,569,Poison,,1.9,107.3,60,50,50,80,95,82,60,82,75,474,79,Nao
Zorua,570,Dark,,0.7,12.5,75,87.5,12.5,40,65,40,80,40,65,330,55,Nao
Zoroark,571,Dark,,1.6,81.1,45,87.5,12.5,60,105,60,120,60,105,510,85,Nao
Minccino,572,Normal,,0.4,5.8,255,25,75,55,50,40,40,40,75,300,50,Nao
Cinccino,573,Normal,,0.5,7.5,60,25,75,75,95,60,65,60,115,470,78.33333333,Nao
Gothita,574,Psychic,,0.4,5.8,200,25,75,45,30,50,55,65,45,290,48.33333333,Nao
Gothorita,575,Psychic,,0.7,18,100,25,75,60,45,70,75,85,55,390,65,Nao
Gothitelle,576,Psychic,,1.5,44,50,25,75,70,55,95,95,110,65,490,81.66666667,Nao
Solosis,577,Psychic,,0.3,1,200,50,50,45,30,40,105,50,20,290,48.33333333,Nao
Duosion,578,Psychic,,0.6,8,100,50,50,65,40,50,125,60,30,370,61.66666667,Nao
Reuniclus,579,Psychic,,1,20.1,50,50,50,110,65,75,125,85,30,490,81.66666667,Nao
Ducklett,580,Water,Flying,0.5,5.5,190,50,50,62,44,50,44,50,55,305,50.83333333,Nao
Swanna,581,Water,Flying,1.3,24.2,45,50,50,75,87,63,87,63,98,473,78.83333333,Nao
Vanillite,582,Ice,,0.4,5.7,255,50,50,36,50,50,65,60,44,305,50.83333333,Nao
Vanillish,583,Ice,,1.1,41,120,50,50,51,65,65,80,75,59,395,65.83333333,Nao
Vanilluxe,584,Ice,,1.3,57.5,45,50,50,71,95,85,110,95,79,535,89.16666667,Nao
Deerling,585,Normal,Grass,0.6,19.5,190,50,50,60,60,50,40,50,75,335,55.83333333,Nao
Sawbuck,586,Normal,Grass,1.9,92.5,75,50,50,80,100,70,60,70,95,475,79.16666667,Nao
Emolga,587,Electric,Flying,0.4,5,200,50,50,55,75,60,75,60,103,428,71.33333333,Nao
Karrablast,588,Bug,,0.5,5.9,200,50,50,50,75,45,40,45,60,315,52.5,Nao
Escavalier,589,Bug,Steel,1,33,75,50,50,70,135,105,60,105,20,495,82.5,Nao
Foongus,590,Grass,Poison,0.2,1,190,50,50,69,55,45,55,55,15,294,49,Nao
Amoonguss,591,Grass,Poison,0.6,10.5,75,50,50,114,85,70,85,80,30,464,77.33333333,Nao
Frillish,592,Water,Ghost,1.2,33,190,50,50,55,40,50,65,85,40,335,55.83333333,Nao
Jellicent,593,Water,Ghost,2.2,135,60,50,50,100,60,70,85,105,60,480,80,Nao
Alomomola,594,Water,,1.2,31.6,75,50,50,165,75,80,40,45,65,470,78.33333333,Nao
Joltik,595,Bug,Electric,0.1,0.6,160,50,50,50,47,50,57,50,65,319,53.16666667,Nao
Galvantula,596,Bug,Electric,0.8,14.3,75,50,50,70,77,60,97,60,108,472,78.66666667,Nao
Ferroseed,597,Grass,Steel,0.6,18.8,255,50,50,44,50,91,24,86,10,305,50.83333333,Nao
Ferrothorn,598,Grass,Steel,1,110,90,50,50,74,94,131,54,116,20,489,81.5,Nao
Klink,599,Steel,,0.3,21,130,,,40,55,70,45,60,30,300,50,Nao
Klang,600,Steel,,0.6,51,60,,,60,80,95,70,85,50,440,73.33333333,Nao
Klinklang,601,Steel,,0.6,81,30,,,60,100,115,70,85,90,520,86.66666667,Nao
Tynamo,602,Electric,,0.2,0.3,190,50,50,35,55,40,45,40,60,275,45.83333333,Nao
Eelektrik,603,Electric,,1.2,22,60,50,50,65,85,70,75,70,40,405,67.5,Nao
Eelektross,604,Electric,,2.1,80.5,30,50,50,85,115,80,105,80,50,515,85.83333333,Nao
Elgyem,605,Psychic,,0.5,9,255,50,50,55,55,55,85,55,30,335,55.83333333,Nao
Beheeyem,606,Psychic,,1,34.5,90,50,50,75,75,75,125,95,40,485,80.83333333,Nao
Litwick,607,Ghost,Fire,0.3,3.1,190,50,50,50,30,55,65,55,80,335,55.83333333,Nao
Lampent,608,Ghost,Fire,0.6,13,90,50,50,60,40,60,95,60,55,370,61.66666667,Nao
Chandelure,609,Ghost,Fire,1,34.3,45,50,50,60,55,90,145,90,80,520,86.66666667,Nao
Axew,610,Dragon,,0.6,18,75,50,50,46,87,60,30,40,57,320,53.33333333,Nao
Fraxure,611,Dragon,,1,36,60,50,50,66,117,70,40,50,67,410,68.33333333,Nao
Haxorus,612,Dragon,,1.8,105.5,45,50,50,76,147,90,60,70,97,540,90,Nao
Cubchoo,613,Ice,,0.5,8.5,120,50,50,55,70,40,60,40,40,305,50.83333333,Nao
Beartic,614,Ice,,2.6,260,60,50,50,95,130,80,70,80,50,505,84.16666667,Nao
Cryogonal,615,Ice,,1.1,148,25,,,80,50,50,95,135,105,515,85.83333333,Nao
Shelmet,616,Bug,,0.4,7.7,200,50,50,50,40,85,40,65,25,305,50.83333333,Nao
Accelgor,617,Bug,,0.8,25.3,75,50,50,80,70,40,100,60,145,495,82.5,Nao
Stunfisk,618,Ground,Electric,0.7,11,75,50,50,109,66,84,81,99,32,471,78.5,Nao
Mienfoo,619,Fighting,,0.9,20,180,50,50,45,85,50,55,50,65,350,58.33333333,Nao
Mienshao,620,Fighting,,1.4,35.5,45,50,50,65,125,60,95,60,105,510,85,Nao
Druddigon,621,Dragon,,1.6,139,45,50,50,77,120,90,60,90,48,485,80.83333333,Nao
Golett,622,Ground,Ghost,1,92,190,,,59,74,50,35,50,35,303,50.5,Nao
Golurk,623,Ground,Ghost,2.8,330,90,,,89,124,80,55,80,55,483,80.5,Nao
Pawniard,624,Dark,Steel,0.5,10.2,120,50,50,45,85,70,40,40,60,340,56.66666667,Nao
Bisharp,625,Dark,Steel,1.6,70,45,50,50,65,125,100,60,70,70,490,81.66666667,Nao
Bouffalant,626,Normal,,1.6,94.5,45,50,50,95,110,95,40,95,55,490,81.66666667,Nao
Rufflet,627,Normal,Flying,0.5,10.5,190,100,0,70,83,50,37,50,60,350,58.33333333,Nao
Braviary,628,Normal,Flying,1.5,41,60,100,0,100,123,75,57,75,80,510,85,Nao
Vullaby,629,Dark,Flying,0.5,9,190,0,100,70,55,75,45,65,60,370,61.66666667,Nao
Mandibuzz,630,Dark,Flying,1.2,39.5,60,0,100,110,65,105,55,95,80,510,85,Nao
Heatmor,631,Fire,,1.4,58,90,50,50,85,97,66,105,66,65,484,80.66666667,Nao
Durant,632,Bug,Steel,0.3,33,90,50,50,58,109,112,48,48,109,484,80.66666667,Nao
Deino,633,Dark,Dragon,0.8,17.3,45,50,50,52,65,50,45,50,38,300,50,Nao
Zweilous,634,Dark,Dragon,1.4,50,45,50,50,72,85,70,65,70,58,420,70,Nao
Hydreigon,635,Dark,Dragon,1.8,160,45,50,50,92,105,90,125,90,98,600,100,Nao
Larvesta,636,Bug,Fire,1.1,28.8,45,50,50,55,85,55,50,55,60,360,60,Nao
Volcarona,637,Bug,Fire,1.6,46,15,50,50,85,60,65,135,105,100,550,91.66666667,Nao
Cobalion,638,Steel,Fighting,2.1,250,3,,,91,90,129,90,72,108,580,96.66666667,Sim
Terrakion,639,Rock,Fighting,1.9,260,3,,,91,129,90,72,90,108,580,96.66666667,Sim
Virizion,640,Grass,Fighting,2,200,3,,,91,90,72,90,129,108,580,96.66666667,Sim
Tornadus,641,Flying,,1.5,63,3,100,0,79,115,70,125,80,111,580,96.66666667,Sim
Thundurus,642,Electric,Flying,1.5,61,3,100,0,79,115,70,125,80,111,580,96.66666667,Sim
Reshiram,643,Dragon,Fire,3.2,330,3,,,100,120,100,150,120,90,680,113.3333333,Sim
Zekrom,644,Dragon,Electric,2.9,345,3,,,100,150,120,120,100,90,680,113.3333333,Sim
Landorus,645,Ground,Flying,1.5,68,3,100,0,89,125,90,115,80,101,600,100,Sim
Kyurem,646,Dragon,Ice,3,325,3,,,125,130,90,130,90,95,660,110,Sim
Keldeo,647,Water,Fighting,1.4,48.5,3,,,91,72,90,129,90,108,580,96.66666667,Nao
Meloetta,648,Normal,Psychic,0.6,6.5,3,,,100,77,77,128,128,90,600,100,Nao
Genesect,649,Bug,Steel,1.5,82.5,3,,,71,120,95,120,95,99,600,100,Nao
Chespin,650,Grass,,0.4,9,45,87.5,12.5,56,61,65,48,45,38,313,52.16666667,Nao
Quilladin,651,Grass,,0.7,29,45,87.5,12.5,61,78,95,56,58,57,405,67.5,Nao
Chesnaught,652,Grass,Fighting,1.6,90,45,87.5,12.5,88,107,122,74,75,64,530,88.33333333,Nao
Fennekin,653,Fire,,0.4,9.4,45,87.5,12.5,40,45,40,62,60,60,307,51.16666667,Nao
Braixen,654,Fire,,1,14.5,45,87.5,12.5,59,59,58,90,70,73,409,68.16666667,Nao
Delphox,655,Fire,Psychic,1.5,39,45,87.5,12.5,75,69,72,114,100,104,534,89,Nao
Froakie,656,Water,,0.3,7,45,87.5,12.5,41,56,40,62,44,71,314,52.33333333,Nao
Frogadier,657,Water,,0.6,10.9,45,87.5,12.5,54,63,52,83,56,97,405,67.5,Nao
Greninja,658,Water,Dark,1.5,40,45,87.5,12.5,72,95,67,103,71,122,530,88.33333333,Nao
Bunnelby,659,Normal,,0.4,5,255,50,50,38,36,38,32,36,57,237,39.5,Nao
Diggersby,660,Normal,Ground,1,42.4,127,50,50,85,56,77,50,77,78,423,70.5,Nao
Fletchling,661,Normal,Flying,0.3,1.7,255,50,50,45,50,43,40,38,62,278,46.33333333,Nao
Fletchinder,662,Fire,Flying,0.7,16,120,50,50,62,73,55,56,52,84,382,63.66666667,Nao
Talonflame,663,Fire,Flying,1.2,24.5,45,50,50,78,81,71,74,69,126,499,83.16666667,Nao
Scatterbug,664,Bug,,0.3,2.5,255,50,50,38,35,40,27,25,35,200,33.33333333,Nao
Spewpa,665,Bug,,0.3,8.4,120,50,50,45,22,60,27,30,29,213,35.5,Nao
Vivilion,666,Bug,Flying,1.2,17,45,50,50,80,52,50,90,50,89,411,68.5,Nao
Litleo,667,Fire,Normal,0.6,13.5,220,12.5,87.5,62,50,58,73,54,72,369,61.5,Nao
Pyroar,668,Fire,Normal,1.5,81.5,65,12.5,87.5,86,68,72,109,66,106,507,84.5,Nao
Flabebe,669,Fairy,,0.1,0.1,255,0,100,44,38,39,61,79,42,303,50.5,Nao
Floette,670,Fairy,,0.2,0.9,120,0,100,54,45,47,75,98,52,371,61.83333333,Nao
Florges,671,Fairy,,1.1,10,45,0,100,78,65,68,112,154,75,552,92,Nao
Skiddo,672,Grass,,0.9,31,200,50,50,66,65,48,62,57,52,350,58.33333333,Nao
Gogoat,673,Grass,,1.7,91,45,50,50,123,100,62,97,81,68,531,88.5,Nao
Pancham,674,Fighting,,0.6,8,220,50,50,67,82,62,46,48,43,348,58,Nao
Pangoro,675,Fighting,Dark,2.1,136,65,50,50,95,124,78,69,71,58,495,82.5,Nao
Furfrou,676,Normal,,1.2,28,160,50,50,75,80,60,65,90,102,472,78.66666667,Nao
Espurr,677,Psychic,,0.3,3.5,190,50,50,62,48,54,63,60,68,355,59.16666667,Nao
Meowstic,678,Psychic,,0.6,8.5,75,50,50,74,48,76,83,81,104,466,77.66666667,Nao
Honedge,679,Steel,Ghost,0.8,2,180,50,50,45,80,100,35,37,28,325,54.16666667,Nao
Doublade,680,Steel,Ghost,0.8,4.5,90,50,50,59,110,150,45,49,95,508,84.66666667,Nao
Aegislash,681,Steel,Ghost,1.7,53,45,50,50,60,50,150,50,150,60,520,86.66666667,Nao
Spritzee,682,Fairy,,0.2,0.5,200,50,50,78,52,60,63,65,23,341,56.83333333,Nao
Aromatisse,683,Fairy,,0.8,15.5,140,50,50,101,72,72,99,89,29,462,77,Nao
Swirlix,684,Fairy,,0.4,3.5,200,50,50,62,48,66,59,57,49,341,56.83333333,Nao
Slurpuff,685,Fairy,,0.8,5,140,50,50,82,80,86,85,75,72,480,80,Nao
Inkay,686,Dark,Psychic,0.4,3.5,190,50,50,53,54,53,37,46,45,288,48,Nao
Malamar,687,Dark,Psychic,1.5,47,80,50,50,86,92,88,68,75,73,482,80.33333333,Nao
Binacle,688,Rock,Water,0.5,31,120,50,50,42,52,67,39,56,50,306,51,Nao
Barbaracle,689,Rock,Water,1.3,96,45,50,50,72,105,115,54,86,68,500,83.33333333,Nao
Skrelp,690,Poison,Water,0.5,7.3,225,50,50,50,60,60,60,60,30,320,53.33333333,Nao
Dragalge,691,Poison,Dragon,1.8,81.5,55,50,50,65,75,90,97,123,44,494,82.33333333,Nao
Clauncher,692,Water,,0.5,8.3,225,50,50,50,53,62,58,63,44,330,55,Nao
Clawitzer,693,Water,,1.3,35.3,55,50,50,71,73,88,120,89,59,500,83.33333333,Nao
Helioptile,694,Electric,Normal,0.5,6,190,50,50,44,38,33,61,43,70,289,48.16666667,Nao
Heliolisk,695,Electric,Normal,1,21,75,50,50,62,55,52,109,94,109,481,80.16666667,Nao
Tyrunt,696,Rock,Dragon,0.8,26,45,87.5,12.5,58,89,77,45,45,48,362,60.33333333,Nao
Tyrantrum,697,Rock,Dragon,2.5,270,45,87.5,12.5,82,121,119,69,59,71,521,86.83333333,Nao
Amaura,698,Rock,Ice,1.3,25.2,45,87.5,12.5,77,59,50,67,63,46,362,60.33333333,Nao
Aurorus,699,Rock,Ice,2.7,225,45,87.5,12.5,123,77,72,99,92,58,521,86.83333333,Nao
Sylveon,700,Fairy,,1,23.5,45,87.5,12.5,95,65,65,110,130,60,525,87.5,Nao
Hawlucha,701,Fighting,Flying,0.8,21.5,100,50,50,78,92,75,74,63,118,500,83.33333333,Nao
Dedenne,702,Electric,Fairy,0.2,2.2,180,50,50,67,58,57,81,67,101,431,71.83333333,Nao
Carbink,703,Rock,Fairy,0.3,5.7,60,,,50,50,150,50,150,50,500,83.33333333,Nao
Goomy,704,Dragon,,0.3,2.8,45,50,50,45,50,35,55,75,40,300,50,Nao
Sliggoo,705,Dragon,,0.8,17.5,45,50,50,68,75,53,83,113,60,452,75.33333333,Nao
Goodra,706,Dragon,,2,150,45,50,50,90,100,70,110,150,80,600,100,Nao
Klefki,707,Steel,Fairy,0.2,3,75,50,50,57,80,91,80,87,75,470,78.33333333,Nao
Phantump,708,Ghost,Grass,0.4,7,120,50,50,43,70,48,50,60,38,309,51.5,Nao
Trevenant,709,Ghost,Grass,1.5,71,60,50,50,85,110,76,65,82,56,474,79,Nao
Pumpkaboo,710,Ghost,Grass,0.4,5,120,50,50,49,66,70,44,55,51,335,55.83333333,Nao
Gourgeist,711,Ghost,Grass,0.9,12.5,60,50,50,65,90,122,58,75,84,494,82.33333333,Nao
Bergmite,712,Ice,,1,99.5,190,50,50,55,69,85,32,35,28,304,50.66666667,Nao
Avalugg,713,Ice,,2,505,55,50,50,95,117,184,44,46,28,514,85.66666667,Nao
Noibat,714,Flying,Dragon,0.5,8,190,50,50,40,30,35,45,40,55,245,40.83333333,Nao
Noivern,715,Flying,Dragon,1.5,85,45,50,50,85,70,80,97,80,123,535,89.16666667,Nao
Xerneas,716,Fairy,,3,215,45,,,126,131,95,131,98,99,680,113.3333333,Sim
Yveltal,717,Dark,Flying,5.8,203,45,,,126,131,95,131,98,99,680,113.3333333,Sim
Zygarde,718,Dragon,Ground,5,305,3,,,108,100,121,81,95,95,600,100,Sim
Diancie,719,Rock,Fairy,0.7,8.8,3,,,50,100,150,100,150,50,600,100,Nao
Hoopa,720,Psychic,Ghost,0.5,9,3,,,80,110,60,150,130,70,600,100,Nao
Volcanion,721,Fire,Water,1.7,195,3,,,80,110,120,130,90,70,600,100,Nao
Rowlet,722,Grass,Flying,0.3,1.5,45,87.5,12.5,68,55,55,50,50,42,320,53.33333333,Nao
Dartrix,723,Grass,Flying,0.7,16,45,87.5,12.5,78,75,75,70,70,52,420,70,Nao
Decidueye,724,Grass,Ghost,1.6,36.6,45,87.5,12.5,78,107,75,100,100,70,530,88.33333333,Nao
Litten,725,Fire,,0.4,4.3,45,87.5,12.5,45,65,40,60,40,70,320,53.33333333,Nao
Torracat,726,Fire,,0.7,25,45,87.5,12.5,65,85,50,80,50,90,420,70,Nao
Incineroar,727,Fire,Dark,1.8,83,45,87.5,12.5,95,115,90,80,90,60,530,88.33333333,Nao
Popplio,728,Water,,0.4,7.5,45,87.5,12.5,50,54,54,66,56,40,320,53.33333333,Nao
Brionne,729,Water,,0.6,17.5,45,87.5,12.5,60,69,69,91,81,50,420,70,Nao
Primarina,730,Water,Fairy,1.8,44,45,87.5,12.5,80,74,74,126,116,60,530,88.33333333,Nao
Pikipek,731,Normal,Flying,0.3,1.2,255,50,50,35,75,30,30,30,65,265,44.16666667,Nao
Trumbeak,732,Normal,Flying,0.6,14.8,120,50,50,55,85,50,40,50,75,355,59.16666667,Nao
Toucannon,733,Normal,Flying,1.1,2.6,45,50,50,80,120,75,75,75,60,485,80.83333333,Nao
Yungoos,734,Normal,,0.4,6,255,50,50,48,70,30,30,30,45,253,42.16666667,Nao
Gumshoos,735,Normal,,0.7,14.2,127,50,50,88,110,60,55,60,45,418,69.66666667,Nao
Grubbin,736,Bug,,0.4,4.4,255,50,50,47,62,45,55,45,46,300,50,Nao
Charjabug,737,Bug,Electric,0.5,10.5,120,50,50,57,82,95,55,75,36,400,66.66666667,Nao
Vikavolt,738,Bug,Electric,1.5,45,45,50,50,77,70,90,145,75,43,500,83.33333333,Nao
Crabrawler,739,Fighting,,0.6,7,225,50,50,47,82,57,42,47,63,338,56.33333333,Nao
Crabominable,740,Fighting,Ice,1.7,180,60,50,50,97,132,77,62,67,43,478,79.66666667,Nao
Oricorio,741,Fire,Flying,0.6,3.4,45,25,75,75,70,70,98,70,93,476,79.33333333,Nao
Cutiefly,742,Bug,Fairy,0.1,0.2,190,50,50,40,45,40,55,40,84,304,50.66666667,Nao
Ribombee,743,Bug,Fairy,0.2,0.5,75,50,50,60,55,60,95,70,124,464,77.33333333,Nao
Rockruff,744,Rock,,0.5,9.2,190,50,50,45,65,40,30,40,60,280,46.66666667,Nao
Lycanroc,745,Rock,,0.8,25,90,50,50,75,115,65,55,65,112,487,81.16666667,Nao
Wishwashi,746,Water,,0.2,0.3,60,50,50,45,20,20,25,25,40,175,29.16666667,Nao
Mareanie,747,Poison,Water,0.4,8,190,50,50,50,53,62,43,52,45,305,50.83333333,Nao
Toxapex,748,Poison,Water,0.7,1405,75,50,50,50,63,152,53,142,35,495,82.5,Nao
Mudbray,749,Ground,,1,110,190,50,50,70,100,70,45,55,45,385,64.16666667,Nao
Mudsdale,750,Ground,,2.5,920,60,50,50,100,125,100,55,85,35,500,83.33333333,Nao
Dewpider,751,Water,Bug,0.3,4,200,50,50,38,40,52,40,72,27,269,44.83333333,Nao
Araquanid,752,Water,Bug,1.8,82,100,50,50,68,70,92,50,132,42,454,75.66666667,Nao
Formantis,753,Grass,,0.3,1.5,190,50,50,40,55,35,50,35,35,250,41.66666667,Nao
Lurantis,754,Grass,,0.9,18.5,75,50,50,70,105,90,80,90,45,480,80,Nao
Morelull,755,Grass,Fairy,0.2,1.5,190,50,50,40,35,55,65,75,15,285,47.5,Nao
Shiinotic,756,Grass,Fairy,1,11.5,75,50,50,60,45,80,90,100,30,405,67.5,Nao
Salandit,757,Poison,Fire,0.6,4.8,120,87.5,12.5,48,44,40,71,40,77,320,53.33333333,Nao
Salazzle,758,Poison,Fire,1.2,22.2,45,0,100,68,64,60,111,60,117,480,80,Nao
Stufful,759,Normal,Fighting,0.5,6.8,140,50,50,70,75,50,45,50,50,340,56.66666667,Nao
Bewear,760,Normal,Fighting,2.1,135,70,50,50,120,125,80,55,60,60,500,83.33333333,Nao
Bounsweet,761,Grass,,0.3,3.2,235,0,100,42,30,38,30,38,32,210,35,Nao
Steenee,762,Grass,,0.7,8.2,120,0,100,52,40,48,40,48,62,290,48.33333333,Nao
Tsareena,763,Grass,,1.2,21.4,45,0,100,72,120,98,50,98,72,510,85,Nao
Comfey,764,Fairy,,0.1,0.3,60,25,75,51,52,90,82,110,100,485,80.83333333,Nao
Oranguru,765,Normal,Psychic,1.5,76,45,50,50,90,60,80,90,110,60,490,81.66666667,Nao
Passimian,766,Fighting,,2,82.8,45,50,50,100,120,90,40,60,80,490,81.66666667,Nao
Wimpod,767,Bug,Water,0.5,12,90,50,50,25,35,40,20,30,80,230,38.33333333,Nao
Golisopod,768,Bug,Water,2,108,45,50,50,75,125,140,60,90,40,530,88.33333333,Nao
Sandygast,769,Ghost,Ground,0.5,70,140,50,50,55,55,80,70,45,15,320,53.33333333,Nao
Palossand,770,Ghost,Ground,1.3,250,60,50,50,85,75,110,100,75,35,480,80,Nao
Pyukumuku,771,Water,,0.3,1.2,60,50,50,55,60,130,30,130,5,410,68.33333333,Nao
Type: Null,772,Normal,,1.9,120.5,3,,,95,95,95,95,95,59,534,89,Sim
Silvally,773,Normal,,2.3,100.5,3,,,95,95,95,95,95,95,570,95,Sim
Minior,774,Rock,Flying,0.3,40,30,,,60,60,100,60,100,60,440,73.33333333,Nao
Komala,775,Normal,,0.4,19.9,45,50,50,65,115,65,75,95,65,480,80,Nao
Turtonator,776,Fire,Dragon,2,212,70,50,50,60,78,135,91,85,36,485,80.83333333,Nao
Togedemaru,777,Electric,Steel,0.3,3.3,180,50,50,65,98,63,40,73,96,435,72.5,Nao
Mimikyu,778,Ghost,Fairy,0.2,0.7,45,50,50,55,90,80,50,105,96,476,79.33333333,Nao
Bruxish,779,Water,Psychic,0.9,19,80,50,50,68,105,70,70,70,92,475,79.16666667,Nao
Drampa,780,Normal,Dragon,3,185,70,50,50,78,60,85,135,91,36,485,80.83333333,Nao
Dhelmise,781,Ghost,Grass,3.9,210,25,,,70,131,100,86,90,40,517,86.16666667,Nao
Jangmo-o,782,Dragon,,0.6,29.7,45,50,50,45,55,65,45,45,45,300,50,Nao
Hakamo-o,783,Dragon,Fighting,1.2,47,45,50,50,55,75,90,65,70,65,420,70,Nao
Kommo-o,784,Dragon,Fighting,1.6,78.2,45,50,50,75,110,125,100,105,85,600,100,Nao
Tapu Koko,785,Electric,Fairy,1.8,20.5,3,,,70,115,85,95,75,130,570,95,Sim
Tapu Lele,786,Psychic,Fairy,1.2,18.6,3,,,70,85,75,130,115,95,570,95,Sim
Tapu Bulu,787,Grass,Fairy,1.9,45.5,3,,,70,130,115,85,95,75,570,95,Sim
Tapu Fini,788,Water,Fairy,1.3,21.2,3,,,70,75,115,95,130,85,570,95,Sim
Cosmog,789,Psychic,,0.2,0.1,45,,,43,29,31,29,31,37,200,33.33333333,Sim
Cosmoem,790,Psychic,,0.1,999.9,45,,,43,29,131,29,131,37,400,66.66666667,Sim
Solgaleo,791,Psychic,Steel,3.4,230,45,,,137,137,107,113,89,97,680,113.3333333,Sim
Lunala,792,Psychic,Ghost,4,120,45,,,137,113,89,137,107,97,680,113.3333333,Sim
Nihilego,793,Rock,Poison,1.2,55.5,45,,,109,53,47,127,131,103,570,95,Nao
Buzzwole,794,Bug,Fighting,2.4,333.6,45,,,107,139,139,53,53,79,570,95,Nao
Pheromosa,795,Bug,Fighting,1.8,25,45,,,71,137,37,137,37,151,570,95,Nao
Xurkitree,796,Electric,,3.8,100,45,,,83,89,71,173,71,83,570,95,Nao
Celesteela,797,Steel,Flying,9.2,999.9,45,,,97,101,103,107,101,61,570,95,Nao
Kartana,798,Grass,Steel,0.3,0.1,45,,,59,181,131,59,31,109,570,95,Nao
Guzzlord,799,Dark,Dragon,5.5,888,45,,,223,101,53,97,53,43,570,95,Nao
Nrecrozma,800,Psychic,,2.4,230,255,,,97,107,101,127,89,79,600,100,Sim
Magearna,801,Steel,Fairy,1,80.5,3,,,80,95,115,130,115,65,600,100,Nao
Marshadow,802,Fighting,Ghost,0.7,22.2,3,,,90,125,80,90,90,125,600,100,Nao
Poipole,803,Poison,,0.6,1.8,45,,,67,73,67,73,67,73,420,70,Nao
Naganadel,804,Poison,Dragon,3.6,150,45,,,73,73,73,127,73,121,540,90,Nao
Stakataka,805,Rock,Steel,5.5,820,30,,,61,131,211,53,101,13,570,95,Nao
Blacephalon,806,Fire,Ghost,1.8,13,30,,,53,127,53,151,79,107,570,95,Nao
Zeraora,807,Electric,,1.5,44.5,3,,,88,112,75,102,80,143,600,100,Nao
